{"squares":[
    {"x":0,"y":100,"h":10,"w":1000,"color":"#c5bbf7"},
    {"x":100,"y":200,"h":10,"w":1000,"color":"#b3a3f7"},
    {"x":0,"y":300,"h":10,"w":1000,"color":"#a18bf7"},
	{"x":100,"y":400,"h":10,"w":1000,"color":"#9073f7"},
    {"x":0,"y":500,"h":10,"w":1000,"color":"#805cf7"},
	{"x":0,"y":0,"h":10,"w":1100,"color":"#805cf7"},
	{"x":0,"y":0,"h":600,"w":10,"color":"#805cf7"},
	
	{"x":1090,"y":0,"h":1000,"w":10,"color":"#805cf7"},
	{"x":0,"y":590,"h":10,"w":1100,"color":"#805cf7"}
		   ]}	
